gene_id,Symbol,sgRNA ID,sgRNA sequence,barcode,final-construct
Control,Control,CTRL_1,GTAGCGAACGTGTCCGGCGT,GTAGCGAACGTGTCCGGC,gtaccgggcccgcTCTAGAGTAGCGAACGTGTCCGGCCCACCTTGTTGGGTAGCGAACGTGTCCGGCGTGTTTAAGAGCTAAGCTGGA
Control,Control,CTRL_2,GACCGGAACGATCTCGCGTA,GACCGGAACGATCTCGCG,gtaccgggcccgcTCTAGAGACCGGAACGATCTCGCGCCACCTTGTTGGGACCGGAACGATCTCGCGTAGTTTAAGAGCTAAGCTGGA
Control,Control,CTRL_3,GGCAGTCGTTCGGTTGATAT,GGCAGTCGTTCGGTTGAT,gtaccgggcccgcTCTAGAGGCAGTCGTTCGGTTGATCCACCTTGTTGGGGCAGTCGTTCGGTTGATATGTTTAAGAGCTAAGCTGGA
Control,Control,CTRL_4,GCTTGAGCACATACGCGAAT,GCTTGAGCACATACGCGA,gtaccgggcccgcTCTAGAGCTTGAGCACATACGCGACCACCTTGTTGGGCTTGAGCACATACGCGAATGTTTAAGAGCTAAGCTGGA
Control,Control,CTRL_5,GTGGTAGAATAACGTATTAC,GTGGTAGAATAACGTATT,gtaccgggcccgcTCTAGAGTGGTAGAATAACGTATTCCACCTTGTTGGGTGGTAGAATAACGTATTACGTTTAAGAGCTAAGCTGGA
Control,Control,CTRL_6,GTCATACATGGATAAGGCTA,GTCATACATGGATAAGGC,gtaccgggcccgcTCTAGAGTCATACATGGATAAGGCCCACCTTGTTGGGTCATACATGGATAAGGCTAGTTTAAGAGCTAAGCTGGA
Control,Control,CTRL_7,GATACACGAAGCATCACTAG,GATACACGAAGCATCACT,gtaccgggcccgcTCTAGAGATACACGAAGCATCACTCCACCTTGTTGGGATACACGAAGCATCACTAGGTTTAAGAGCTAAGCTGGA
Control,Control,CTRL_8,GAACGTTGGCACTACTTCAC,GAACGTTGGCACTACTTC,gtaccgggcccgcTCTAGAGAACGTTGGCACTACTTCCCACCTTGTTGGGAACGTTGGCACTACTTCACGTTTAAGAGCTAAGCTGGA
Control,Control,CTRL_9,GATCCATGTAATGCGTTCGA,GATCCATGTAATGCGTTC,gtaccgggcccgcTCTAGAGATCCATGTAATGCGTTCCCACCTTGTTGGGATCCATGTAATGCGTTCGAGTTTAAGAGCTAAGCTGGA
Control,Control,CTRL_10,GTCGTGAAGTGCATTCGATC,GTCGTGAAGTGCATTCGA,gtaccgggcccgcTCTAGAGTCGTGAAGTGCATTCGACCACCTTGTTGGGTCGTGAAGTGCATTCGATCGTTTAAGAGCTAAGCTGGA
Control,Control,CTRL_11,GTTCGACTCGCGTGACCGTA,GTTCGACTCGCGTGACCG,gtaccgggcccgcTCTAGAGTTCGACTCGCGTGACCGCCACCTTGTTGGGTTCGACTCGCGTGACCGTAGTTTAAGAGCTAAGCTGGA
Control,Control,CTRL_12,GAATCTACCGCAGCGGTTCG,GAATCTACCGCAGCGGTT,gtaccgggcccgcTCTAGAGAATCTACCGCAGCGGTTCCACCTTGTTGGGAATCTACCGCAGCGGTTCGGTTTAAGAGCTAAGCTGGA
Control,Control,CTRL_13,GAAGTGACGTCGATTCGATA,GAAGTGACGTCGATTCGA,gtaccgggcccgcTCTAGAGAAGTGACGTCGATTCGACCACCTTGTTGGGAAGTGACGTCGATTCGATAGTTTAAGAGCTAAGCTGGA
Control,Control,CTRL_14,GCGGTGTATGACAACCGCCG,GCGGTGTATGACAACCGC,gtaccgggcccgcTCTAGAGCGGTGTATGACAACCGCCCACCTTGTTGGGCGGTGTATGACAACCGCCGGTTTAAGAGCTAAGCTGGA
Control,Control,CTRL_15,GTACCGCGCCTGAAGTTCGC,GTACCGCGCCTGAAGTTC,gtaccgggcccgcTCTAGAGTACCGCGCCTGAAGTTCCCACCTTGTTGGGTACCGCGCCTGAAGTTCGCGTTTAAGAGCTAAGCTGGA
Control,Control,CTRL_16,GCAGCTCGTGTGTCGTACTC,GCAGCTCGTGTGTCGTAC,gtaccgggcccgcTCTAGAGCAGCTCGTGTGTCGTACCCACCTTGTTGGGCAGCTCGTGTGTCGTACTCGTTTAAGAGCTAAGCTGGA
Control,Control,CTRL_17,GCGCCTTAAGAGTACTCATC,GCGCCTTAAGAGTACTCA,gtaccgggcccgcTCTAGAGCGCCTTAAGAGTACTCACCACCTTGTTGGGCGCCTTAAGAGTACTCATCGTTTAAGAGCTAAGCTGGA
Control,Control,CTRL_18,GAGTGTCGTCGTTGCTCCTA,GAGTGTCGTCGTTGCTCC,gtaccgggcccgcTCTAGAGAGTGTCGTCGTTGCTCCCCACCTTGTTGGGAGTGTCGTCGTTGCTCCTAGTTTAAGAGCTAAGCTGGA
Control,Control,CTRL_19,GCAGCTCGACCTCAAGCCGT,GCAGCTCGACCTCAAGCC,gtaccgggcccgcTCTAGAGCAGCTCGACCTCAAGCCCCACCTTGTTGGGCAGCTCGACCTCAAGCCGTGTTTAAGAGCTAAGCTGGA
Control,Control,CTRL_20,GTATCCTGACCTACGCGCTG,GTATCCTGACCTACGCGC,gtaccgggcccgcTCTAGAGTATCCTGACCTACGCGCCCACCTTGTTGGGTATCCTGACCTACGCGCTGGTTTAAGAGCTAAGCTGGA
Control,Control,CTRL_21,GTGTATCTCAGCACGCTAAC,GTGTATCTCAGCACGCTA,gtaccgggcccgcTCTAGAGTGTATCTCAGCACGCTACCACCTTGTTGGGTGTATCTCAGCACGCTAACGTTTAAGAGCTAAGCTGGA
Control,Control,CTRL_22,GTCGTCATACAACGGCAACG,GTCGTCATACAACGGCAA,gtaccgggcccgcTCTAGAGTCGTCATACAACGGCAACCACCTTGTTGGGTCGTCATACAACGGCAACGGTTTAAGAGCTAAGCTGGA
Control,Control,CTRL_23,GTCGTGCGCTTCCGGCGGTA,GTCGTGCGCTTCCGGCGG,gtaccgggcccgcTCTAGAGTCGTGCGCTTCCGGCGGCCACCTTGTTGGGTCGTGCGCTTCCGGCGGTAGTTTAAGAGCTAAGCTGGA
Control,Control,CTRL_24,GCGGTCCTCAGTAAGCGCGT,GCGGTCCTCAGTAAGCGC,gtaccgggcccgcTCTAGAGCGGTCCTCAGTAAGCGCCCACCTTGTTGGGCGGTCCTCAGTAAGCGCGTGTTTAAGAGCTAAGCTGGA
Control,Control,CTRL_25,GCTCTGCTGCGGAAGGATTC,GCTCTGCTGCGGAAGGAT,gtaccgggcccgcTCTAGAGCTCTGCTGCGGAAGGATCCACCTTGTTGGGCTCTGCTGCGGAAGGATTCGTTTAAGAGCTAAGCTGGA
Control,Control,CTRL_26,GTCTTCCGCCGCTCAAGTTA,GTCTTCCGCCGCTCAAGT,gtaccgggcccgcTCTAGAGTCTTCCGCCGCTCAAGTCCACCTTGTTGGGTCTTCCGCCGCTCAAGTTAGTTTAAGAGCTAAGCTGGA
Control,Control,CTRL_27,GCATGGAGGAGCGTCGCAGA,GCATGGAGGAGCGTCGCA,gtaccgggcccgcTCTAGAGCATGGAGGAGCGTCGCACCACCTTGTTGGGCATGGAGGAGCGTCGCAGAGTTTAAGAGCTAAGCTGGA
Control,Control,CTRL_28,GTAGCGCGCGTAGGAGTGGC,GTAGCGCGCGTAGGAGTG,gtaccgggcccgcTCTAGAGTAGCGCGCGTAGGAGTGCCACCTTGTTGGGTAGCGCGCGTAGGAGTGGCGTTTAAGAGCTAAGCTGGA
Control,Control,CTRL_29,GATCACCTGCATTCGTACAC,GATCACCTGCATTCGTAC,gtaccgggcccgcTCTAGAGATCACCTGCATTCGTACCCACCTTGTTGGGATCACCTGCATTCGTACACGTTTAAGAGCTAAGCTGGA
Control,Control,CTRL_30,GCACACCTAGATATCGAATG,GCACACCTAGATATCGAA,gtaccgggcccgcTCTAGAGCACACCTAGATATCGAACCACCTTGTTGGGCACACCTAGATATCGAATGGTTTAAGAGCTAAGCTGGA
Control,Control,CTRL_31,GTTGATCAACGCGCTTCGCG,GTTGATCAACGCGCTTCG,gtaccgggcccgcTCTAGAGTTGATCAACGCGCTTCGCCACCTTGTTGGGTTGATCAACGCGCTTCGCGGTTTAAGAGCTAAGCTGGA
Control,Control,CTRL_32,GCGTCTCACTCACTCCATCG,GCGTCTCACTCACTCCAT,gtaccgggcccgcTCTAGAGCGTCTCACTCACTCCATCCACCTTGTTGGGCGTCTCACTCACTCCATCGGTTTAAGAGCTAAGCTGGA
Control,Control,CTRL_33,GCCGACCAACGTCAGCGGTA,GCCGACCAACGTCAGCGG,gtaccgggcccgcTCTAGAGCCGACCAACGTCAGCGGCCACCTTGTTGGGCCGACCAACGTCAGCGGTAGTTTAAGAGCTAAGCTGGA
Control,Control,CTRL_34,GGATACGGTGCGTCAATCTA,GGATACGGTGCGTCAATC,gtaccgggcccgcTCTAGAGGATACGGTGCGTCAATCCCACCTTGTTGGGGATACGGTGCGTCAATCTAGTTTAAGAGCTAAGCTGGA
Control,Control,CTRL_35,GAATCCAGTGGCGGCGACAA,GAATCCAGTGGCGGCGAC,gtaccgggcccgcTCTAGAGAATCCAGTGGCGGCGACCCACCTTGTTGGGAATCCAGTGGCGGCGACAAGTTTAAGAGCTAAGCTGGA
Control,Control,CTRL_36,GCACTGTCAGTGCAACGATA,GCACTGTCAGTGCAACGA,gtaccgggcccgcTCTAGAGCACTGTCAGTGCAACGACCACCTTGTTGGGCACTGTCAGTGCAACGATAGTTTAAGAGCTAAGCTGGA
Control,Control,CTRL_37,GCGATCCTCAAGTATGCTCA,GCGATCCTCAAGTATGCT,gtaccgggcccgcTCTAGAGCGATCCTCAAGTATGCTCCACCTTGTTGGGCGATCCTCAAGTATGCTCAGTTTAAGAGCTAAGCTGGA
Control,Control,CTRL_38,GCTAATATCGACACGGCCGC,GCTAATATCGACACGGCC,gtaccgggcccgcTCTAGAGCTAATATCGACACGGCCCCACCTTGTTGGGCTAATATCGACACGGCCGCGTTTAAGAGCTAAGCTGGA
Control,Control,CTRL_39,GGAGATGCATCGAAGTCGAT,GGAGATGCATCGAAGTCG,gtaccgggcccgcTCTAGAGGAGATGCATCGAAGTCGCCACCTTGTTGGGGAGATGCATCGAAGTCGATGTTTAAGAGCTAAGCTGGA
Control,Control,CTRL_40,GGATGCACTCCATCTCGTCT,GGATGCACTCCATCTCGT,gtaccgggcccgcTCTAGAGGATGCACTCCATCTCGTCCACCTTGTTGGGGATGCACTCCATCTCGTCTGTTTAAGAGCTAAGCTGGA
Control,Control,CTRL_41,GTGCCGAGTAATAACGCGAG,GTGCCGAGTAATAACGCG,gtaccgggcccgcTCTAGAGTGCCGAGTAATAACGCGCCACCTTGTTGGGTGCCGAGTAATAACGCGAGGTTTAAGAGCTAAGCTGGA
Control,Control,CTRL_42,GAGATTCCGATGTAACGTAC,GAGATTCCGATGTAACGT,gtaccgggcccgcTCTAGAGAGATTCCGATGTAACGTCCACCTTGTTGGGAGATTCCGATGTAACGTACGTTTAAGAGCTAAGCTGGA
Control,Control,CTRL_43,GTCGTCACGAGCAGGATTGC,GTCGTCACGAGCAGGATT,gtaccgggcccgcTCTAGAGTCGTCACGAGCAGGATTCCACCTTGTTGGGTCGTCACGAGCAGGATTGCGTTTAAGAGCTAAGCTGGA
Control,Control,CTRL_44,GCGTTAGTCACTTAGCTCGA,GCGTTAGTCACTTAGCTC,gtaccgggcccgcTCTAGAGCGTTAGTCACTTAGCTCCCACCTTGTTGGGCGTTAGTCACTTAGCTCGAGTTTAAGAGCTAAGCTGGA
Control,Control,CTRL_45,GTTCACACGGTGTCGGATAG,GTTCACACGGTGTCGGAT,gtaccgggcccgcTCTAGAGTTCACACGGTGTCGGATCCACCTTGTTGGGTTCACACGGTGTCGGATAGGTTTAAGAGCTAAGCTGGA
Control,Control,CTRL_46,GGATAGGTGACCTTAGTACG,GGATAGGTGACCTTAGTA,gtaccgggcccgcTCTAGAGGATAGGTGACCTTAGTACCACCTTGTTGGGGATAGGTGACCTTAGTACGGTTTAAGAGCTAAGCTGGA
Control,Control,CTRL_47,GTATGAGTCAAGCTAATGCG,GTATGAGTCAAGCTAATG,gtaccgggcccgcTCTAGAGTATGAGTCAAGCTAATGCCACCTTGTTGGGTATGAGTCAAGCTAATGCGGTTTAAGAGCTAAGCTGGA
Control,Control,CTRL_48,GCAACTATTGGAATACGTGA,GCAACTATTGGAATACGT,gtaccgggcccgcTCTAGAGCAACTATTGGAATACGTCCACCTTGTTGGGCAACTATTGGAATACGTGAGTTTAAGAGCTAAGCTGGA
Control,Control,CTRL_49,GTTACCTTCGCTCGTCTATA,GTTACCTTCGCTCGTCTA,gtaccgggcccgcTCTAGAGTTACCTTCGCTCGTCTACCACCTTGTTGGGTTACCTTCGCTCGTCTATAGTTTAAGAGCTAAGCTGGA
Control,Control,CTRL_50,GTACCGAGCACCACAGGCCG,GTACCGAGCACCACAGGC,gtaccgggcccgcTCTAGAGTACCGAGCACCACAGGCCCACCTTGTTGGGTACCGAGCACCACAGGCCGGTTTAAGAGCTAAGCTGGA
Control,Control,CTRL_51,GTCAGCCATCGGATAGAGAT,GTCAGCCATCGGATAGAG,gtaccgggcccgcTCTAGAGTCAGCCATCGGATAGAGCCACCTTGTTGGGTCAGCCATCGGATAGAGATGTTTAAGAGCTAAGCTGGA
Control,Control,CTRL_52,GTACGGCACTCCTAGCCGCT,GTACGGCACTCCTAGCCG,gtaccgggcccgcTCTAGAGTACGGCACTCCTAGCCGCCACCTTGTTGGGTACGGCACTCCTAGCCGCTGTTTAAGAGCTAAGCTGGA
Control,Control,CTRL_53,GGTCCTGTCGTATGCTTGCA,GGTCCTGTCGTATGCTTG,gtaccgggcccgcTCTAGAGGTCCTGTCGTATGCTTGCCACCTTGTTGGGGTCCTGTCGTATGCTTGCAGTTTAAGAGCTAAGCTGGA
Control,Control,CTRL_54,GCCGCAATATATGCGGTAAG,GCCGCAATATATGCGGTA,gtaccgggcccgcTCTAGAGCCGCAATATATGCGGTACCACCTTGTTGGGCCGCAATATATGCGGTAAGGTTTAAGAGCTAAGCTGGA
Control,Control,CTRL_55,GCGCACGTATAATCCTGCGT,GCGCACGTATAATCCTGC,gtaccgggcccgcTCTAGAGCGCACGTATAATCCTGCCCACCTTGTTGGGCGCACGTATAATCCTGCGTGTTTAAGAGCTAAGCTGGA
Control,Control,CTRL_56,GTGCACAACACGATCCACGA,GTGCACAACACGATCCAC,gtaccgggcccgcTCTAGAGTGCACAACACGATCCACCCACCTTGTTGGGTGCACAACACGATCCACGAGTTTAAGAGCTAAGCTGGA
Control,Control,CTRL_57,GCACAATGTTGACGTAAGTG,GCACAATGTTGACGTAAG,gtaccgggcccgcTCTAGAGCACAATGTTGACGTAAGCCACCTTGTTGGGCACAATGTTGACGTAAGTGGTTTAAGAGCTAAGCTGGA
Control,Control,CTRL_58,GTAAGATGCTGCTCACCGTG,GTAAGATGCTGCTCACCG,gtaccgggcccgcTCTAGAGTAAGATGCTGCTCACCGCCACCTTGTTGGGTAAGATGCTGCTCACCGTGGTTTAAGAGCTAAGCTGGA
Control,Control,CTRL_59,GTCGGTGATCCAACGTATCG,GTCGGTGATCCAACGTAT,gtaccgggcccgcTCTAGAGTCGGTGATCCAACGTATCCACCTTGTTGGGTCGGTGATCCAACGTATCGGTTTAAGAGCTAAGCTGGA
Control,Control,CTRL_60,GAGCTAGTAGGACGCAAGAC,GAGCTAGTAGGACGCAAG,gtaccgggcccgcTCTAGAGAGCTAGTAGGACGCAAGCCACCTTGTTGGGAGCTAGTAGGACGCAAGACGTTTAAGAGCTAAGCTGGA
Control,Control,CTRL_61,GTACGTGGAAGCTTGTGGCC,GTACGTGGAAGCTTGTGG,gtaccgggcccgcTCTAGAGTACGTGGAAGCTTGTGGCCACCTTGTTGGGTACGTGGAAGCTTGTGGCCGTTTAAGAGCTAAGCTGGA
Control,Control,CTRL_62,GTCTTCCGGAAGCGTGTGTT,GTCTTCCGGAAGCGTGTG,gtaccgggcccgcTCTAGAGTCTTCCGGAAGCGTGTGCCACCTTGTTGGGTCTTCCGGAAGCGTGTGTTGTTTAAGAGCTAAGCTGGA
Control,Control,CTRL_63,GAGAACTGCCAGTTCTCGAT,GAGAACTGCCAGTTCTCG,gtaccgggcccgcTCTAGAGAGAACTGCCAGTTCTCGCCACCTTGTTGGGAGAACTGCCAGTTCTCGATGTTTAAGAGCTAAGCTGGA
Control,Control,CTRL_64,GCCATTCGGCGCGGCACTTC,GCCATTCGGCGCGGCACT,gtaccgggcccgcTCTAGAGCCATTCGGCGCGGCACTCCACCTTGTTGGGCCATTCGGCGCGGCACTTCGTTTAAGAGCTAAGCTGGA
Control,Control,CTRL_65,GCACACGACCAATCCGCTTC,GCACACGACCAATCCGCT,gtaccgggcccgcTCTAGAGCACACGACCAATCCGCTCCACCTTGTTGGGCACACGACCAATCCGCTTCGTTTAAGAGCTAAGCTGGA
Control,Control,CTRL_66,GAGGTGATCGATTAAGTACA,GAGGTGATCGATTAAGTA,gtaccgggcccgcTCTAGAGAGGTGATCGATTAAGTACCACCTTGTTGGGAGGTGATCGATTAAGTACAGTTTAAGAGCTAAGCTGGA
Control,Control,CTRL_67,GTCACTCGCAGACGCCTAAC,GTCACTCGCAGACGCCTA,gtaccgggcccgcTCTAGAGTCACTCGCAGACGCCTACCACCTTGTTGGGTCACTCGCAGACGCCTAACGTTTAAGAGCTAAGCTGGA
Control,Control,CTRL_68,GCGCTACGGAATCATACGTT,GCGCTACGGAATCATACG,gtaccgggcccgcTCTAGAGCGCTACGGAATCATACGCCACCTTGTTGGGCGCTACGGAATCATACGTTGTTTAAGAGCTAAGCTGGA
Control,Control,CTRL_69,GGTAGGACCTCACGGCGCGC,GGTAGGACCTCACGGCGC,gtaccgggcccgcTCTAGAGGTAGGACCTCACGGCGCCCACCTTGTTGGGGTAGGACCTCACGGCGCGCGTTTAAGAGCTAAGCTGGA
Control,Control,CTRL_70,GAACTGCATCTTGTTGTAGT,GAACTGCATCTTGTTGTA,gtaccgggcccgcTCTAGAGAACTGCATCTTGTTGTACCACCTTGTTGGGAACTGCATCTTGTTGTAGTGTTTAAGAGCTAAGCTGGA
Control,Control,CTRL_71,GATCCTGATCCGGCGGCGCG,GATCCTGATCCGGCGGCG,gtaccgggcccgcTCTAGAGATCCTGATCCGGCGGCGCCACCTTGTTGGGATCCTGATCCGGCGGCGCGGTTTAAGAGCTAAGCTGGA
Control,Control,CTRL_72,GGTATGCGCGATCCTGAGTT,GGTATGCGCGATCCTGAG,gtaccgggcccgcTCTAGAGGTATGCGCGATCCTGAGCCACCTTGTTGGGGTATGCGCGATCCTGAGTTGTTTAAGAGCTAAGCTGGA
Control,Control,CTRL_73,GCGGAGCTAGAGAGCGGTCA,GCGGAGCTAGAGAGCGGT,gtaccgggcccgcTCTAGAGCGGAGCTAGAGAGCGGTCCACCTTGTTGGGCGGAGCTAGAGAGCGGTCAGTTTAAGAGCTAAGCTGGA
Control,Control,CTRL_74,GAATGGCAATTACGGCTGAT,GAATGGCAATTACGGCTG,gtaccgggcccgcTCTAGAGAATGGCAATTACGGCTGCCACCTTGTTGGGAATGGCAATTACGGCTGATGTTTAAGAGCTAAGCTGGA
Control,Control,CTRL_75,GTATGGTGAGTAGTCGCTTG,GTATGGTGAGTAGTCGCT,gtaccgggcccgcTCTAGAGTATGGTGAGTAGTCGCTCCACCTTGTTGGGTATGGTGAGTAGTCGCTTGGTTTAAGAGCTAAGCTGGA
Control,Control,CTRL_76,GTGTAATTGCGTCTAGTCGG,GTGTAATTGCGTCTAGTC,gtaccgggcccgcTCTAGAGTGTAATTGCGTCTAGTCCCACCTTGTTGGGTGTAATTGCGTCTAGTCGGGTTTAAGAGCTAAGCTGGA
Control,Control,CTRL_77,GGTCCTGGCGAGGAGCCTTG,GGTCCTGGCGAGGAGCCT,gtaccgggcccgcTCTAGAGGTCCTGGCGAGGAGCCTCCACCTTGTTGGGGTCCTGGCGAGGAGCCTTGGTTTAAGAGCTAAGCTGGA
Control,Control,CTRL_78,GAAGATAAGTCGCTGTCTCG,GAAGATAAGTCGCTGTCT,gtaccgggcccgcTCTAGAGAAGATAAGTCGCTGTCTCCACCTTGTTGGGAAGATAAGTCGCTGTCTCGGTTTAAGAGCTAAGCTGGA
Control,Control,CTRL_79,GTAGCGAAGACTTGCCGACG,GTAGCGAAGACTTGCCGA,gtaccgggcccgcTCTAGAGTAGCGAAGACTTGCCGACCACCTTGTTGGGTAGCGAAGACTTGCCGACGGTTTAAGAGCTAAGCTGGA
Control,Control,CTRL_80,GTCGGCGTTCTGTTGTGACT,GTCGGCGTTCTGTTGTGA,gtaccgggcccgcTCTAGAGTCGGCGTTCTGTTGTGACCACCTTGTTGGGTCGGCGTTCTGTTGTGACTGTTTAAGAGCTAAGCTGGA
Control,Control,CTRL_81,GAGGCAAGCCGTTAGGTGTA,GAGGCAAGCCGTTAGGTG,gtaccgggcccgcTCTAGAGAGGCAAGCCGTTAGGTGCCACCTTGTTGGGAGGCAAGCCGTTAGGTGTAGTTTAAGAGCTAAGCTGGA
Control,Control,CTRL_82,GCGGATCCAGATCTCATTCG,GCGGATCCAGATCTCATT,gtaccgggcccgcTCTAGAGCGGATCCAGATCTCATTCCACCTTGTTGGGCGGATCCAGATCTCATTCGGTTTAAGAGCTAAGCTGGA
Control,Control,CTRL_83,GGAACATAGGAGCACGTAGT,GGAACATAGGAGCACGTA,gtaccgggcccgcTCTAGAGGAACATAGGAGCACGTACCACCTTGTTGGGGAACATAGGAGCACGTAGTGTTTAAGAGCTAAGCTGGA
Control,Control,CTRL_84,GTCATCATTATGGCGTAAGG,GTCATCATTATGGCGTAA,gtaccgggcccgcTCTAGAGTCATCATTATGGCGTAACCACCTTGTTGGGTCATCATTATGGCGTAAGGGTTTAAGAGCTAAGCTGGA
Control,Control,CTRL_85,GCGACTAGCGCCATGAGCGG,GCGACTAGCGCCATGAGC,gtaccgggcccgcTCTAGAGCGACTAGCGCCATGAGCCCACCTTGTTGGGCGACTAGCGCCATGAGCGGGTTTAAGAGCTAAGCTGGA
Control,Control,CTRL_86,GGCGAAGTTCGACATGACAC,GGCGAAGTTCGACATGAC,gtaccgggcccgcTCTAGAGGCGAAGTTCGACATGACCCACCTTGTTGGGGCGAAGTTCGACATGACACGTTTAAGAGCTAAGCTGGA
Control,Control,CTRL_87,GCTGTCGTGTGGAGGCTATG,GCTGTCGTGTGGAGGCTA,gtaccgggcccgcTCTAGAGCTGTCGTGTGGAGGCTACCACCTTGTTGGGCTGTCGTGTGGAGGCTATGGTTTAAGAGCTAAGCTGGA
Control,Control,CTRL_88,GCGGAGAGCATTGACCTCAT,GCGGAGAGCATTGACCTC,gtaccgggcccgcTCTAGAGCGGAGAGCATTGACCTCCCACCTTGTTGGGCGGAGAGCATTGACCTCATGTTTAAGAGCTAAGCTGGA
Control,Control,CTRL_89,GACTAATGGACCAAGTCAGT,GACTAATGGACCAAGTCA,gtaccgggcccgcTCTAGAGACTAATGGACCAAGTCACCACCTTGTTGGGACTAATGGACCAAGTCAGTGTTTAAGAGCTAAGCTGGA
Control,Control,CTRL_90,GCGGATTAGAGGTAATGCGG,GCGGATTAGAGGTAATGC,gtaccgggcccgcTCTAGAGCGGATTAGAGGTAATGCCCACCTTGTTGGGCGGATTAGAGGTAATGCGGGTTTAAGAGCTAAGCTGGA
Control,Control,CTRL_91,GCCGACGGCAATCAGTACGC,GCCGACGGCAATCAGTAC,gtaccgggcccgcTCTAGAGCCGACGGCAATCAGTACCCACCTTGTTGGGCCGACGGCAATCAGTACGCGTTTAAGAGCTAAGCTGGA
Control,Control,CTRL_92,GTAACCTCTCGAGCGATAGA,GTAACCTCTCGAGCGATA,gtaccgggcccgcTCTAGAGTAACCTCTCGAGCGATACCACCTTGTTGGGTAACCTCTCGAGCGATAGAGTTTAAGAGCTAAGCTGGA
Control,Control,CTRL_93,GACTTGTATGTGGCTTACGG,GACTTGTATGTGGCTTAC,gtaccgggcccgcTCTAGAGACTTGTATGTGGCTTACCCACCTTGTTGGGACTTGTATGTGGCTTACGGGTTTAAGAGCTAAGCTGGA
Control,Control,CTRL_94,GTCACTGTGGTCGAACATGT,GTCACTGTGGTCGAACAT,gtaccgggcccgcTCTAGAGTCACTGTGGTCGAACATCCACCTTGTTGGGTCACTGTGGTCGAACATGTGTTTAAGAGCTAAGCTGGA
Control,Control,CTRL_95,GTACTCCAATCCGCGATGAC,GTACTCCAATCCGCGATG,gtaccgggcccgcTCTAGAGTACTCCAATCCGCGATGCCACCTTGTTGGGTACTCCAATCCGCGATGACGTTTAAGAGCTAAGCTGGA
Control,Control,CTRL_96,GCGTTGGCACGATGTTACGG,GCGTTGGCACGATGTTAC,gtaccgggcccgcTCTAGAGCGTTGGCACGATGTTACCCACCTTGTTGGGCGTTGGCACGATGTTACGGGTTTAAGAGCTAAGCTGGA
Control,Control,CTRL_97,GAACCAGCCGGCTAGTATGA,GAACCAGCCGGCTAGTAT,gtaccgggcccgcTCTAGAGAACCAGCCGGCTAGTATCCACCTTGTTGGGAACCAGCCGGCTAGTATGAGTTTAAGAGCTAAGCTGGA
Control,Control,CTRL_98,GTATACTAGCTAACCACACG,GTATACTAGCTAACCACA,gtaccgggcccgcTCTAGAGTATACTAGCTAACCACACCACCTTGTTGGGTATACTAGCTAACCACACGGTTTAAGAGCTAAGCTGGA
Control,Control,CTRL_99,GAATCGGAATAGTTGATTCG,GAATCGGAATAGTTGATT,gtaccgggcccgcTCTAGAGAATCGGAATAGTTGATTCCACCTTGTTGGGAATCGGAATAGTTGATTCGGTTTAAGAGCTAAGCTGGA
Control,Control,CTRL_100,GAGCACTTGCATGAGGCGGT,GAGCACTTGCATGAGGCG,gtaccgggcccgcTCTAGAGAGCACTTGCATGAGGCGCCACCTTGTTGGGAGCACTTGCATGAGGCGGTGTTTAAGAGCTAAGCTGGA
