sgRNA sequence,final-construct,add_5prime_G,add_5prime,oligo_len,gc_percent,barcode
GTAGCGAACGTGTCCGGCGT,GCCCACCTTGTTGGgatccgacgcgccatctctagGGCTTAACCTGGGTAGCGAACGTGTCCGGCGT,FALSE,FALSE,55,63.64,GGCTTAACCTGG
GACCGGAACGATCTCGCGTA,GCCCACCTTGTTGGgatccgacgcgccatctctagGCCCATGTATTTGACCGGAACGATCTCGCGTA,FALSE,FALSE,55,61.82,GCCCATGTATTT
GGCAGTCGTTCGGTTGATAT,GCCCACCTTGTTGGgatccgacgcgccatctctagGACTTGGTTGTTGGCAGTCGTTCGGTTGATAT,FALSE,FALSE,55,58.18,GACTTGGTTGTT
GCTTGAGCACATACGCGAAT,GCCCACCTTGTTGGgatccgacgcgccatctctagGTTTCGAGGGTGGCTTGAGCACATACGCGAAT,FALSE,FALSE,55,58.18,GTTTCGAGGGTG
GTGGTAGAATAACGTATTAC,GCCCACCTTGTTGGgatccgacgcgccatctctagGCATACTCCACAGTGGTAGAATAACGTATTAC,FALSE,FALSE,55,52.73,GCATACTCCACA
GTCATACATGGATAAGGCTA,GCCCACCTTGTTGGgatccgacgcgccatctctagGAATCTCGAAAGGTCATACATGGATAAGGCTA,FALSE,FALSE,55,54.55,GAATCTCGAAAG
GATACACGAAGCATCACTAG,GCCCACCTTGTTGGgatccgacgcgccatctctagGGACAGGGACTAGATACACGAAGCATCACTAG,FALSE,FALSE,55,56.36,GGACAGGGACTA
GAACGTTGGCACTACTTCAC,GCCCACCTTGTTGGgatccgacgcgccatctctagGCAAGAGAACCTGAACGTTGGCACTACTTCAC,FALSE,FALSE,55,58.18,GCAAGAGAACCT
GATCCATGTAATGCGTTCGA,GCCCACCTTGTTGGgatccgacgcgccatctctagGATGCACCCTTGGATCCATGTAATGCGTTCGA,FALSE,FALSE,55,56.36,GATGCACCCTTG
GTCGTGAAGTGCATTCGATC,GCCCACCTTGTTGGgatccgacgcgccatctctagGCACGAACGTGTGTCGTGAAGTGCATTCGATC,FALSE,FALSE,55,58.18,GCACGAACGTGT
GTTCGACTCGCGTGACCGTA,GCCCACCTTGTTGGgatccgacgcgccatctctagGCGCAAATCATGGTTCGACTCGCGTGACCGTA,FALSE,FALSE,55,61.82,GCGCAAATCATG
GAATCTACCGCAGCGGTTCG,GCCCACCTTGTTGGgatccgacgcgccatctctagGGGCCGTAAGTAGAATCTACCGCAGCGGTTCG,FALSE,FALSE,55,61.82,GGGCCGTAAGTA
GAAGTGACGTCGATTCGATA,GCCCACCTTGTTGGgatccgacgcgccatctctagGTAAGGACGGATGAAGTGACGTCGATTCGATA,FALSE,FALSE,55,56.36,GTAAGGACGGAT
GCGGTGTATGACAACCGCCG,GCCCACCTTGTTGGgatccgacgcgccatctctagGTGAACAGTAAGGCGGTGTATGACAACCGCCG,FALSE,FALSE,55,63.64,GTGAACAGTAAG
GTACCGCGCCTGAAGTTCGC,GCCCACCTTGTTGGgatccgacgcgccatctctagGCAACCGCGATAGTACCGCGCCTGAAGTTCGC,FALSE,FALSE,55,63.64,GCAACCGCGATA
GCAGCTCGTGTGTCGTACTC,GCCCACCTTGTTGGgatccgacgcgccatctctagGAAATGTTGCGGGCAGCTCGTGTGTCGTACTC,FALSE,FALSE,55,61.82,GAAATGTTGCGG
GCGCCTTAAGAGTACTCATC,GCCCACCTTGTTGGgatccgacgcgccatctctagGTTGCACACCGAGCGCCTTAAGAGTACTCATC,FALSE,FALSE,55,58.18,GTTGCACACCGA
GAGTGTCGTCGTTGCTCCTA,GCCCACCTTGTTGGgatccgacgcgccatctctagGTGTGATGAATCGAGTGTCGTCGTTGCTCCTA,FALSE,FALSE,55,60,GTGTGATGAATC
GCAGCTCGACCTCAAGCCGT,GCCCACCTTGTTGGgatccgacgcgccatctctagGACGAGCTGACTGCAGCTCGACCTCAAGCCGT,FALSE,FALSE,55,63.64,GACGAGCTGACT
GTATCCTGACCTACGCGCTG,GCCCACCTTGTTGGgatccgacgcgccatctctagGCGGTTATGAAAGTATCCTGACCTACGCGCTG,FALSE,FALSE,55,61.82,GCGGTTATGAAA
GTGTATCTCAGCACGCTAAC,GCCCACCTTGTTGGgatccgacgcgccatctctagGCAGGGTCAATTGTGTATCTCAGCACGCTAAC,FALSE,FALSE,55,58.18,GCAGGGTCAATT
GTCGTCATACAACGGCAACG,GCCCACCTTGTTGGgatccgacgcgccatctctagGGATTGGCGGTTGTCGTCATACAACGGCAACG,FALSE,FALSE,55,60,GGATTGGCGGTT
GTCGTGCGCTTCCGGCGGTA,GCCCACCTTGTTGGgatccgacgcgccatctctagGGTTCTGAGGGTGTCGTGCGCTTCCGGCGGTA,FALSE,FALSE,55,65.45,GGTTCTGAGGGT
GCGGTCCTCAGTAAGCGCGT,GCCCACCTTGTTGGgatccgacgcgccatctctagGCCAGTTTACTGGCGGTCCTCAGTAAGCGCGT,FALSE,FALSE,55,63.64,GCCAGTTTACTG
GCTCTGCTGCGGAAGGATTC,GCCCACCTTGTTGGgatccgacgcgccatctctagGCGTTTAGGGGAGCTCTGCTGCGGAAGGATTC,FALSE,FALSE,55,61.82,GCGTTTAGGGGA
GTCTTCCGCCGCTCAAGTTA,GCCCACCTTGTTGGgatccgacgcgccatctctagGCAACTCGGAATGTCTTCCGCCGCTCAAGTTA,FALSE,FALSE,55,60,GCAACTCGGAAT
GCATGGAGGAGCGTCGCAGA,GCCCACCTTGTTGGgatccgacgcgccatctctagGGAACGGTGGTTGCATGGAGGAGCGTCGCAGA,FALSE,FALSE,55,63.64,GGAACGGTGGTT
GTAGCGCGCGTAGGAGTGGC,GCCCACCTTGTTGGgatccgacgcgccatctctagGGCTACCAGTGAGTAGCGCGCGTAGGAGTGGC,FALSE,FALSE,55,65.45,GGCTACCAGTGA
GATCACCTGCATTCGTACAC,GCCCACCTTGTTGGgatccgacgcgccatctctagGAGTCCCACTTAGATCACCTGCATTCGTACAC,FALSE,FALSE,55,58.18,GAGTCCCACTTA
GCACACCTAGATATCGAATG,GCCCACCTTGTTGGgatccgacgcgccatctctagGTGATTACTCGAGCACACCTAGATATCGAATG,FALSE,FALSE,55,56.36,GTGATTACTCGA
GTTGATCAACGCGCTTCGCG,GCCCACCTTGTTGGgatccgacgcgccatctctagGCTCTATATCCTGTTGATCAACGCGCTTCGCG,FALSE,FALSE,55,61.82,GCTCTATATCCT
GCGTCTCACTCACTCCATCG,GCCCACCTTGTTGGgatccgacgcgccatctctagGAATCATCCGATGCGTCTCACTCACTCCATCG,FALSE,FALSE,55,61.82,GAATCATCCGAT
GCCGACCAACGTCAGCGGTA,GCCCACCTTGTTGGgatccgacgcgccatctctagGGCTCGTATGTAGCCGACCAACGTCAGCGGTA,FALSE,FALSE,55,63.64,GGCTCGTATGTA
GGATACGGTGCGTCAATCTA,GCCCACCTTGTTGGgatccgacgcgccatctctagGGCATAACAACAGGATACGGTGCGTCAATCTA,FALSE,FALSE,55,58.18,GGCATAACAACA
GAATCCAGTGGCGGCGACAA,GCCCACCTTGTTGGgatccgacgcgccatctctagGAGGCCGTATCTGAATCCAGTGGCGGCGACAA,FALSE,FALSE,55,61.82,GAGGCCGTATCT
GCACTGTCAGTGCAACGATA,GCCCACCTTGTTGGgatccgacgcgccatctctagGTGTGTTGAAACGCACTGTCAGTGCAACGATA,FALSE,FALSE,55,58.18,GTGTGTTGAAAC
GCGATCCTCAAGTATGCTCA,GCCCACCTTGTTGGgatccgacgcgccatctctagGGTCCTCACTACGCGATCCTCAAGTATGCTCA,FALSE,FALSE,55,58.18,GGTCCTCACTAC
GCTAATATCGACACGGCCGC,GCCCACCTTGTTGGgatccgacgcgccatctctagGTAACGGGTCCTGCTAATATCGACACGGCCGC,FALSE,FALSE,55,61.82,GTAACGGGTCCT
GGAGATGCATCGAAGTCGAT,GCCCACCTTGTTGGgatccgacgcgccatctctagGAGTGTGACAATGGAGATGCATCGAAGTCGAT,FALSE,FALSE,55,58.18,GAGTGTGACAAT
GGATGCACTCCATCTCGTCT,GCCCACCTTGTTGGgatccgacgcgccatctctagGGTGAACAGATCGGATGCACTCCATCTCGTCT,FALSE,FALSE,55,60,GGTGAACAGATC
GTGCCGAGTAATAACGCGAG,GCCCACCTTGTTGGgatccgacgcgccatctctagGGTTAGGTGTCGGTGCCGAGTAATAACGCGAG,FALSE,FALSE,55,60,GGTTAGGTGTCG
GAGATTCCGATGTAACGTAC,GCCCACCTTGTTGGgatccgacgcgccatctctagGGTTGGCTAACGGAGATTCCGATGTAACGTAC,FALSE,FALSE,55,56.36,GGTTGGCTAACG
GTCGTCACGAGCAGGATTGC,GCCCACCTTGTTGGgatccgacgcgccatctctagGGACCATACGTGGTCGTCACGAGCAGGATTGC,FALSE,FALSE,55,61.82,GGACCATACGTG
GCGTTAGTCACTTAGCTCGA,GCCCACCTTGTTGGgatccgacgcgccatctctagGTGCATAACACGGCGTTAGTCACTTAGCTCGA,FALSE,FALSE,55,58.18,GTGCATAACACG
GTTCACACGGTGTCGGATAG,GCCCACCTTGTTGGgatccgacgcgccatctctagGTCTACCTCGTCGTTCACACGGTGTCGGATAG,FALSE,FALSE,55,60,GTCTACCTCGTC
GGATAGGTGACCTTAGTACG,GCCCACCTTGTTGGgatccgacgcgccatctctagGGCTGTCGTATAGGATAGGTGACCTTAGTACG,FALSE,FALSE,55,58.18,GGCTGTCGTATA
GTATGAGTCAAGCTAATGCG,GCCCACCTTGTTGGgatccgacgcgccatctctagGTTAACCGAGATGTATGAGTCAAGCTAATGCG,FALSE,FALSE,55,56.36,GTTAACCGAGAT
GCAACTATTGGAATACGTGA,GCCCACCTTGTTGGgatccgacgcgccatctctagGAACAGGTCGCTGCAACTATTGGAATACGTGA,FALSE,FALSE,55,54.55,GAACAGGTCGCT
GTTACCTTCGCTCGTCTATA,GCCCACCTTGTTGGgatccgacgcgccatctctagGGTTCAATTCCGGTTACCTTCGCTCGTCTATA,FALSE,FALSE,55,56.36,GGTTCAATTCCG
GTACCGAGCACCACAGGCCG,GCCCACCTTGTTGGgatccgacgcgccatctctagGCGCTCTTATGCGTACCGAGCACCACAGGCCG,FALSE,FALSE,55,65.45,GCGCTCTTATGC
GTCAGCCATCGGATAGAGAT,GCCCACCTTGTTGGgatccgacgcgccatctctagGGGGCAACTAAGGTCAGCCATCGGATAGAGAT,FALSE,FALSE,55,58.18,GGGGCAACTAAG
GTACGGCACTCCTAGCCGCT,GCCCACCTTGTTGGgatccgacgcgccatctctagGTAGCATTGCCTGTACGGCACTCCTAGCCGCT,FALSE,FALSE,55,63.64,GTAGCATTGCCT
GGTCCTGTCGTATGCTTGCA,GCCCACCTTGTTGGgatccgacgcgccatctctagGAAATCGCGGATGGTCCTGTCGTATGCTTGCA,FALSE,FALSE,55,60,GAAATCGCGGAT
GCCGCAATATATGCGGTAAG,GCCCACCTTGTTGGgatccgacgcgccatctctagGCCTCATAAAGTGCCGCAATATATGCGGTAAG,FALSE,FALSE,55,58.18,GCCTCATAAAGT
GCGCACGTATAATCCTGCGT,GCCCACCTTGTTGGgatccgacgcgccatctctagGTATGCTACCAGGCGCACGTATAATCCTGCGT,FALSE,FALSE,55,60,GTATGCTACCAG
GTGCACAACACGATCCACGA,GCCCACCTTGTTGGgatccgacgcgccatctctagGTGATGGTCTTAGTGCACAACACGATCCACGA,FALSE,FALSE,55,60,GTGATGGTCTTA
GCACAATGTTGACGTAAGTG,GCCCACCTTGTTGGgatccgacgcgccatctctagGAATGTCAGCTTGCACAATGTTGACGTAAGTG,FALSE,FALSE,55,56.36,GAATGTCAGCTT
GTAAGATGCTGCTCACCGTG,GCCCACCTTGTTGGgatccgacgcgccatctctagGCTGCGTAGCATGTAAGATGCTGCTCACCGTG,FALSE,FALSE,55,60,GCTGCGTAGCAT
GTCGGTGATCCAACGTATCG,GCCCACCTTGTTGGgatccgacgcgccatctctagGTTCTGACCTATGTCGGTGATCCAACGTATCG,FALSE,FALSE,55,60,GTTCTGACCTAT
GAGCTAGTAGGACGCAAGAC,GCCCACCTTGTTGGgatccgacgcgccatctctagGCTGTTTGTTGGGAGCTAGTAGGACGCAAGAC,FALSE,FALSE,55,60,GCTGTTTGTTGG
GTACGTGGAAGCTTGTGGCC,GCCCACCTTGTTGGgatccgacgcgccatctctagGGATTCTGTGTGGTACGTGGAAGCTTGTGGCC,FALSE,FALSE,55,61.82,GGATTCTGTGTG
GTCTTCCGGAAGCGTGTGTT,GCCCACCTTGTTGGgatccgacgcgccatctctagGCCAGAGGATAGGTCTTCCGGAAGCGTGTGTT,FALSE,FALSE,55,60,GCCAGAGGATAG
GAGAACTGCCAGTTCTCGAT,GCCCACCTTGTTGGgatccgacgcgccatctctagGAAGTCCCTTTTGAGAACTGCCAGTTCTCGAT,FALSE,FALSE,55,58.18,GAAGTCCCTTTT
GCCATTCGGCGCGGCACTTC,GCCCACCTTGTTGGgatccgacgcgccatctctagGTTTTCACTCCTGCCATTCGGCGCGGCACTTC,FALSE,FALSE,55,65.45,GTTTTCACTCCT
GCACACGACCAATCCGCTTC,GCCCACCTTGTTGGgatccgacgcgccatctctagGATAACAGATCCGCACACGACCAATCCGCTTC,FALSE,FALSE,55,61.82,GATAACAGATCC
GAGGTGATCGATTAAGTACA,GCCCACCTTGTTGGgatccgacgcgccatctctagGCACGATTCTCCGAGGTGATCGATTAAGTACA,FALSE,FALSE,55,54.55,GCACGATTCTCC
GTCACTCGCAGACGCCTAAC,GCCCACCTTGTTGGgatccgacgcgccatctctagGGTTTAAGTCGGGTCACTCGCAGACGCCTAAC,FALSE,FALSE,55,61.82,GGTTTAAGTCGG
GCGCTACGGAATCATACGTT,GCCCACCTTGTTGGgatccgacgcgccatctctagGAATACCTCCGCGCGCTACGGAATCATACGTT,FALSE,FALSE,55,58.18,GAATACCTCCGC
GGTAGGACCTCACGGCGCGC,GCCCACCTTGTTGGgatccgacgcgccatctctagGAATCCTCGAAGGGTAGGACCTCACGGCGCGC,FALSE,FALSE,55,67.27,GAATCCTCGAAG
GAACTGCATCTTGTTGTAGT,GCCCACCTTGTTGGgatccgacgcgccatctctagGGACTAAAAGGCGAACTGCATCTTGTTGTAGT,FALSE,FALSE,55,54.55,GGACTAAAAGGC
GATCCTGATCCGGCGGCGCG,GCCCACCTTGTTGGgatccgacgcgccatctctagGTGACACGCTACGATCCTGATCCGGCGGCGCG,FALSE,FALSE,55,67.27,GTGACACGCTAC
GGTATGCGCGATCCTGAGTT,GCCCACCTTGTTGGgatccgacgcgccatctctagGTTCGCTCAATGGGTATGCGCGATCCTGAGTT,FALSE,FALSE,55,60,GTTCGCTCAATG
GCGGAGCTAGAGAGCGGTCA,GCCCACCTTGTTGGgatccgacgcgccatctctagGTCGCTTTCACTGCGGAGCTAGAGAGCGGTCA,FALSE,FALSE,55,63.64,GTCGCTTTCACT
GAATGGCAATTACGGCTGAT,GCCCACCTTGTTGGgatccgacgcgccatctctagGTACTGTCCCGTGAATGGCAATTACGGCTGAT,FALSE,FALSE,55,56.36,GTACTGTCCCGT
GTATGGTGAGTAGTCGCTTG,GCCCACCTTGTTGGgatccgacgcgccatctctagGGTAATCAGACTGTATGGTGAGTAGTCGCTTG,FALSE,FALSE,55,58.18,GGTAATCAGACT
GTGTAATTGCGTCTAGTCGG,GCCCACCTTGTTGGgatccgacgcgccatctctagGGTTTACCCTTGGTGTAATTGCGTCTAGTCGG,FALSE,FALSE,55,58.18,GGTTTACCCTTG
GGTCCTGGCGAGGAGCCTTG,GCCCACCTTGTTGGgatccgacgcgccatctctagGCGCCTAAACTGGGTCCTGGCGAGGAGCCTTG,FALSE,FALSE,55,65.45,GCGCCTAAACTG
GAAGATAAGTCGCTGTCTCG,GCCCACCTTGTTGGgatccgacgcgccatctctagGTTGCTTGACTTGAAGATAAGTCGCTGTCTCG,FALSE,FALSE,55,58.18,GTTGCTTGACTT
GTAGCGAAGACTTGCCGACG,GCCCACCTTGTTGGgatccgacgcgccatctctagGTGATCAGGGGTGTAGCGAAGACTTGCCGACG,FALSE,FALSE,55,61.82,GTGATCAGGGGT
GTCGGCGTTCTGTTGTGACT,GCCCACCTTGTTGGgatccgacgcgccatctctagGCCGACGAAATGGTCGGCGTTCTGTTGTGACT,FALSE,FALSE,55,60,GCCGACGAAATG
GAGGCAAGCCGTTAGGTGTA,GCCCACCTTGTTGGgatccgacgcgccatctctagGTACAACTCGAGGAGGCAAGCCGTTAGGTGTA,FALSE,FALSE,55,60,GTACAACTCGAG
GCGGATCCAGATCTCATTCG,GCCCACCTTGTTGGgatccgacgcgccatctctagGTACGATTTGGGGCGGATCCAGATCTCATTCG,FALSE,FALSE,55,60,GTACGATTTGGG
GGAACATAGGAGCACGTAGT,GCCCACCTTGTTGGgatccgacgcgccatctctagGCTAGTTATGCAGGAACATAGGAGCACGTAGT,FALSE,FALSE,55,58.18,GCTAGTTATGCA
GTCATCATTATGGCGTAAGG,GCCCACCTTGTTGGgatccgacgcgccatctctagGTCTGAATACGGGTCATCATTATGGCGTAAGG,FALSE,FALSE,55,56.36,GTCTGAATACGG
GCGACTAGCGCCATGAGCGG,GCCCACCTTGTTGGgatccgacgcgccatctctagGTTTGTCGTCGGGCGACTAGCGCCATGAGCGG,FALSE,FALSE,55,65.45,GTTTGTCGTCGG
GGCGAAGTTCGACATGACAC,GCCCACCTTGTTGGgatccgacgcgccatctctagGCTCACACCTTAGGCGAAGTTCGACATGACAC,FALSE,FALSE,55,60,GCTCACACCTTA
GCTGTCGTGTGGAGGCTATG,GCCCACCTTGTTGGgatccgacgcgccatctctagGGTTCCACTCGAGCTGTCGTGTGGAGGCTATG,FALSE,FALSE,55,61.82,GGTTCCACTCGA
GCGGAGAGCATTGACCTCAT,GCCCACCTTGTTGGgatccgacgcgccatctctagGAGCGTATCAGAGCGGAGAGCATTGACCTCAT,FALSE,FALSE,55,60,GAGCGTATCAGA
GACTAATGGACCAAGTCAGT,GCCCACCTTGTTGGgatccgacgcgccatctctagGACTGATCAAGGGACTAATGGACCAAGTCAGT,FALSE,FALSE,55,56.36,GACTGATCAAGG
GCGGATTAGAGGTAATGCGG,GCCCACCTTGTTGGgatccgacgcgccatctctagGCGAAAGTGAATGCGGATTAGAGGTAATGCGG,FALSE,FALSE,55,60,GCGAAAGTGAAT
GCCGACGGCAATCAGTACGC,GCCCACCTTGTTGGgatccgacgcgccatctctagGTGACACCCGATGCCGACGGCAATCAGTACGC,FALSE,FALSE,55,63.64,GTGACACCCGAT
GTAACCTCTCGAGCGATAGA,GCCCACCTTGTTGGgatccgacgcgccatctctagGTCCAGAGGTTTGTAACCTCTCGAGCGATAGA,FALSE,FALSE,55,58.18,GTCCAGAGGTTT
GACTTGTATGTGGCTTACGG,GCCCACCTTGTTGGgatccgacgcgccatctctagGACCAAACGGAAGACTTGTATGTGGCTTACGG,FALSE,FALSE,55,58.18,GACCAAACGGAA
GTCACTGTGGTCGAACATGT,GCCCACCTTGTTGGgatccgacgcgccatctctagGTTTGTGGGACCGTCACTGTGGTCGAACATGT,FALSE,FALSE,55,58.18,GTTTGTGGGACC
GTACTCCAATCCGCGATGAC,GCCCACCTTGTTGGgatccgacgcgccatctctagGAAGCGCTTTAAGTACTCCAATCCGCGATGAC,FALSE,FALSE,55,60,GAAGCGCTTTAA
GCGTTGGCACGATGTTACGG,GCCCACCTTGTTGGgatccgacgcgccatctctagGACAGAGGTACAGCGTTGGCACGATGTTACGG,FALSE,FALSE,55,61.82,GACAGAGGTACA
GAACCAGCCGGCTAGTATGA,GCCCACCTTGTTGGgatccgacgcgccatctctagGTCATTGTCCTAGAACCAGCCGGCTAGTATGA,FALSE,FALSE,55,60,GTCATTGTCCTA
GTATACTAGCTAACCACACG,GCCCACCTTGTTGGgatccgacgcgccatctctagGGACGTTCGTACGTATACTAGCTAACCACACG,FALSE,FALSE,55,56.36,GGACGTTCGTAC
GAATCGGAATAGTTGATTCG,GCCCACCTTGTTGGgatccgacgcgccatctctagGATACCGTCGGAGAATCGGAATAGTTGATTCG,FALSE,FALSE,55,54.55,GATACCGTCGGA
GAGCACTTGCATGAGGCGGT,GCCCACCTTGTTGGgatccgacgcgccatctctagGGATTTGAGAGGGAGCACTTGCATGAGGCGGT,FALSE,FALSE,55,61.82,GGATTTGAGAGG
